CREATE DATABASE  IF NOT EXISTS `fptp` /*!40100 DEFAULT CHARACTER SET utf8mb4 COLLATE utf8mb4_0900_ai_ci */ /*!80016 DEFAULT ENCRYPTION='N' */;
USE `fptp`;
-- MySQL dump 10.13  Distrib 8.0.43, for Linux (x86_64)
--
-- Host: localhost    Database: fptp
-- ------------------------------------------------------
-- Server version	8.0.43

/*!40101 SET @OLD_CHARACTER_SET_CLIENT=@@CHARACTER_SET_CLIENT */;
/*!40101 SET @OLD_CHARACTER_SET_RESULTS=@@CHARACTER_SET_RESULTS */;
/*!40101 SET @OLD_COLLATION_CONNECTION=@@COLLATION_CONNECTION */;
/*!50503 SET NAMES utf8 */;
/*!40103 SET @OLD_TIME_ZONE=@@TIME_ZONE */;
/*!40103 SET TIME_ZONE='+00:00' */;
/*!40014 SET @OLD_UNIQUE_CHECKS=@@UNIQUE_CHECKS, UNIQUE_CHECKS=0 */;
/*!40014 SET @OLD_FOREIGN_KEY_CHECKS=@@FOREIGN_KEY_CHECKS, FOREIGN_KEY_CHECKS=0 */;
/*!40101 SET @OLD_SQL_MODE=@@SQL_MODE, SQL_MODE='NO_AUTO_VALUE_ON_ZERO' */;
/*!40111 SET @OLD_SQL_NOTES=@@SQL_NOTES, SQL_NOTES=0 */;

--
-- Table structure for table `tbl_vehicleblocks`
--

DROP TABLE IF EXISTS `tbl_vehicleblocks`;
/*!40101 SET @saved_cs_client     = @@character_set_client */;
/*!50503 SET character_set_client = utf8mb4 */;
CREATE TABLE `tbl_vehicleblocks` (
  `BlockId` int NOT NULL AUTO_INCREMENT,
  `Name` varchar(45) NOT NULL,
  `SlotNumber` int NOT NULL,
  `OwnerId` varchar(45) NOT NULL,
  `CreatedDate` datetime NOT NULL,
  `ModifiedDate` datetime NOT NULL,
  `IsDeleted` bit(1) NOT NULL DEFAULT b'0',
  `VehicleId` int DEFAULT NULL,
  PRIMARY KEY (`BlockId`),
  KEY `fk_tbl_vehicleblocks_VehicleId_idx` (`VehicleId`),
  CONSTRAINT `fk_tbl_vehicleblocks_VehicleId` FOREIGN KEY (`VehicleId`) REFERENCES `tbl_vehicletypes` (`VehicleId`)
) ENGINE=InnoDB AUTO_INCREMENT=1030 DEFAULT CHARSET=utf8mb4 COLLATE=utf8mb4_0900_ai_ci;
/*!40101 SET character_set_client = @saved_cs_client */;

--
-- Dumping data for table `tbl_vehicleblocks`
--

LOCK TABLES `tbl_vehicleblocks` WRITE;
/*!40000 ALTER TABLE `tbl_vehicleblocks` DISABLE KEYS */;
INSERT INTO `tbl_vehicleblocks` VALUES (11,'CNA',1,'1','2025-10-11 09:02:17','2025-10-11 09:02:17',_binary '\0',1),(12,'CNA',2,'1','2025-10-11 09:02:17','2025-10-11 09:02:17',_binary '\0',1),(13,'CNA',3,'1','2025-10-11 09:02:17','2025-10-11 09:02:17',_binary '\0',1),(14,'CNA',4,'1','2025-10-11 09:02:17','2025-10-11 09:02:17',_binary '\0',1),(15,'CNA',5,'1','2025-10-11 09:02:17','2025-10-11 09:02:17',_binary '\0',1),(16,'CNA',6,'1','2025-10-11 09:02:17','2025-10-11 09:02:17',_binary '\0',1),(17,'CNA',7,'1','2025-10-11 09:02:17','2025-10-11 09:02:17',_binary '\0',1),(18,'CNA',8,'1','2025-10-11 09:02:17','2025-10-11 09:02:17',_binary '\0',1),(19,'CNA',9,'1','2025-10-11 09:02:17','2025-10-11 09:02:17',_binary '\0',1),(20,'CNA',10,'1','2025-10-11 09:02:17','2025-10-11 09:02:17',_binary '\0',1),(348,'VBD',1,'1','2025-10-12 23:23:20','2025-10-12 23:23:20',_binary '\0',8),(349,'VBD',2,'1','2025-10-12 23:23:20','2025-10-12 23:23:20',_binary '\0',8),(350,'VBD',3,'1','2025-10-12 23:23:20','2025-10-12 23:23:20',_binary '\0',8),(351,'VBD',4,'1','2025-10-12 23:23:20','2025-10-12 23:23:20',_binary '\0',8),(352,'VBD',5,'1','2025-10-12 23:23:20','2025-10-12 23:23:20',_binary '\0',8),(353,'VBD',6,'1','2025-10-12 23:23:20','2025-10-12 23:23:20',_binary '\0',8),(354,'VBD',7,'1','2025-10-12 23:23:20','2025-10-12 23:23:20',_binary '\0',8),(355,'VBD',8,'1','2025-10-12 23:23:20','2025-10-12 23:23:20',_binary '\0',8),(356,'VBD',9,'1','2025-10-12 23:23:20','2025-10-12 23:23:20',_binary '\0',8),(357,'VBD',10,'1','2025-10-12 23:23:20','2025-10-12 23:23:20',_binary '\0',8),(358,'VBD',11,'1','2025-10-12 23:23:20','2025-10-12 23:23:20',_binary '\0',8),(359,'VBD',12,'1','2025-10-12 23:23:20','2025-10-12 23:23:20',_binary '\0',8),(360,'VBD',13,'1','2025-10-12 23:23:20','2025-10-12 23:23:20',_binary '\0',8),(361,'VBD',14,'1','2025-10-12 23:23:20','2025-10-12 23:23:20',_binary '\0',8),(362,'VBD',15,'1','2025-10-12 23:23:20','2025-10-12 23:23:20',_binary '\0',8),(363,'VBD',16,'1','2025-10-12 23:23:20','2025-10-12 23:23:20',_binary '\0',8),(364,'VBD',17,'1','2025-10-12 23:23:20','2025-10-12 23:23:20',_binary '\0',8),(365,'VBD',18,'1','2025-10-12 23:23:20','2025-10-12 23:23:20',_binary '\0',8),(366,'VBD',19,'1','2025-10-12 23:23:20','2025-10-12 23:23:20',_binary '\0',8),(367,'VBD',20,'1','2025-10-12 23:23:20','2025-10-12 23:23:20',_binary '\0',8),(368,'VBD',21,'1','2025-10-12 23:23:20','2025-10-12 23:23:20',_binary '\0',8),(369,'VBD',22,'1','2025-10-12 23:23:20','2025-10-12 23:23:20',_binary '\0',8),(370,'VBD',23,'1','2025-10-12 23:23:20','2025-10-12 23:23:20',_binary '\0',8),(371,'VBD',24,'1','2025-10-12 23:23:20','2025-10-12 23:23:20',_binary '\0',8),(372,'VBD',25,'1','2025-10-12 23:23:20','2025-10-12 23:23:20',_binary '\0',8),(373,'VBD',26,'1','2025-10-12 23:23:20','2025-10-12 23:23:20',_binary '\0',8),(374,'VBD',27,'1','2025-10-12 23:23:20','2025-10-12 23:23:20',_binary '\0',8),(375,'VBD',28,'1','2025-10-12 23:23:20','2025-10-12 23:23:20',_binary '\0',8),(376,'VBD',29,'1','2025-10-12 23:23:20','2025-10-12 23:23:20',_binary '\0',8),(377,'VBD',30,'1','2025-10-12 23:23:20','2025-10-12 23:23:20',_binary '\0',8),(378,'VBD',31,'1','2025-10-12 23:23:20','2025-10-12 23:23:20',_binary '\0',8),(379,'VBD',32,'1','2025-10-12 23:23:20','2025-10-12 23:23:20',_binary '\0',8),(380,'VBD',33,'1','2025-10-12 23:23:20','2025-10-12 23:23:20',_binary '\0',8),(381,'VBD',34,'1','2025-10-12 23:23:20','2025-10-12 23:23:20',_binary '\0',8),(382,'VBD',35,'1','2025-10-12 23:23:20','2025-10-12 23:23:20',_binary '\0',8),(383,'VBD',36,'1','2025-10-12 23:23:20','2025-10-12 23:23:20',_binary '\0',8),(384,'VBD',37,'1','2025-10-12 23:23:20','2025-10-12 23:23:20',_binary '\0',8),(385,'VBD',38,'1','2025-10-12 23:23:20','2025-10-12 23:23:20',_binary '\0',8),(386,'VBD',39,'1','2025-10-12 23:23:20','2025-10-12 23:23:20',_binary '\0',8),(387,'VBD',40,'1','2025-10-12 23:23:20','2025-10-12 23:23:20',_binary '\0',8),(388,'VBD',41,'1','2025-10-12 23:23:20','2025-10-12 23:23:20',_binary '\0',8),(389,'VBD',42,'1','2025-10-12 23:23:20','2025-10-12 23:23:20',_binary '\0',8),(390,'VBD',43,'1','2025-10-12 23:23:20','2025-10-12 23:23:20',_binary '\0',8),(391,'VBD',44,'1','2025-10-12 23:23:20','2025-10-12 23:23:20',_binary '\0',8),(392,'VBD',45,'1','2025-10-12 23:23:20','2025-10-12 23:23:20',_binary '\0',8),(393,'VBD',46,'1','2025-10-12 23:23:20','2025-10-12 23:23:20',_binary '\0',8),(394,'VBD',47,'1','2025-10-12 23:23:20','2025-10-12 23:23:20',_binary '\0',8),(395,'VBD',48,'1','2025-10-12 23:23:20','2025-10-12 23:23:20',_binary '\0',8),(396,'VBD',49,'1','2025-10-12 23:23:20','2025-10-12 23:23:20',_binary '\0',8),(397,'VBD',50,'1','2025-10-12 23:23:20','2025-10-12 23:23:20',_binary '\0',8),(398,'VBD',51,'1','2025-10-12 23:23:20','2025-10-12 23:23:20',_binary '\0',8),(399,'VBD',52,'1','2025-10-12 23:23:20','2025-10-12 23:23:20',_binary '\0',8),(400,'VBD',53,'1','2025-10-12 23:23:20','2025-10-12 23:23:20',_binary '\0',8),(401,'VBD',54,'1','2025-10-12 23:23:20','2025-10-12 23:23:20',_binary '\0',8),(402,'VBD',55,'1','2025-10-12 23:23:20','2025-10-12 23:23:20',_binary '\0',8),(403,'VBD',56,'1','2025-10-12 23:23:20','2025-10-12 23:23:20',_binary '\0',8),(560,'XL',1,'1','2025-10-12 23:24:20','2025-10-12 23:24:20',_binary '\0',10),(561,'XL',2,'1','2025-10-12 23:24:20','2025-10-12 23:24:20',_binary '\0',10),(562,'XL',3,'1','2025-10-12 23:24:20','2025-10-12 23:24:20',_binary '\0',10),(563,'XL',4,'1','2025-10-12 23:24:20','2025-10-12 23:24:20',_binary '\0',10),(564,'XL',5,'1','2025-10-12 23:24:20','2025-10-12 23:24:20',_binary '\0',10),(565,'XL',6,'1','2025-10-12 23:24:20','2025-10-12 23:24:20',_binary '\0',10),(566,'XL',7,'1','2025-10-12 23:24:20','2025-10-12 23:24:20',_binary '\0',10),(567,'OPS',1,'1','2025-10-12 23:24:59','2025-10-12 23:24:59',_binary '\0',11),(568,'OPS',2,'1','2025-10-12 23:24:59','2025-10-12 23:24:59',_binary '\0',11),(569,'OPS',3,'1','2025-10-12 23:24:59','2025-10-12 23:24:59',_binary '\0',11),(570,'OPS',4,'1','2025-10-12 23:24:59','2025-10-12 23:24:59',_binary '\0',11),(571,'OPS',5,'1','2025-10-12 23:24:59','2025-10-12 23:24:59',_binary '\0',11),(572,'OPS',6,'1','2025-10-12 23:24:59','2025-10-12 23:24:59',_binary '\0',11),(573,'OPS',7,'1','2025-10-12 23:24:59','2025-10-12 23:24:59',_binary '\0',11),(574,'OPS',8,'1','2025-10-12 23:24:59','2025-10-12 23:24:59',_binary '\0',11),(587,'ICK',1,'1','2025-10-12 23:26:00','2025-10-12 23:26:00',_binary '\0',13),(588,'ICK',2,'1','2025-10-12 23:26:00','2025-10-12 23:26:00',_binary '\0',13),(589,'ICK',3,'1','2025-10-12 23:26:00','2025-10-12 23:26:00',_binary '\0',13),(590,'ICK',4,'1','2025-10-12 23:26:00','2025-10-12 23:26:00',_binary '\0',13),(591,'ICK',5,'1','2025-10-12 23:26:00','2025-10-12 23:26:00',_binary '\0',13),(592,'ICK',6,'1','2025-10-12 23:26:00','2025-10-12 23:26:00',_binary '\0',13),(593,'ICK',7,'1','2025-10-12 23:26:00','2025-10-12 23:26:00',_binary '\0',13),(594,'KL',1,'1','2025-10-12 23:26:20','2025-10-12 23:26:20',_binary '\0',14),(595,'KL',2,'1','2025-10-12 23:26:20','2025-10-12 23:26:20',_binary '\0',14),(596,'KL',3,'1','2025-10-12 23:26:20','2025-10-12 23:26:20',_binary '\0',14),(597,'KL',4,'1','2025-10-12 23:26:20','2025-10-12 23:26:20',_binary '\0',14),(598,'KL',5,'1','2025-10-12 23:26:20','2025-10-12 23:26:20',_binary '\0',14),(599,'KL',6,'1','2025-10-12 23:26:20','2025-10-12 23:26:20',_binary '\0',14),(600,'KL',7,'1','2025-10-12 23:26:20','2025-10-12 23:26:20',_binary '\0',14),(601,'KL',8,'1','2025-10-12 23:26:20','2025-10-12 23:26:20',_binary '\0',14),(602,'KL',9,'1','2025-10-12 23:26:20','2025-10-12 23:26:20',_binary '\0',14),(603,'KL',10,'1','2025-10-12 23:26:20','2025-10-12 23:26:20',_binary '\0',14),(604,'KL',11,'1','2025-10-12 23:26:20','2025-10-12 23:26:20',_binary '\0',14),(605,'KL',12,'1','2025-10-12 23:26:20','2025-10-12 23:26:20',_binary '\0',14),(606,'KL',13,'1','2025-10-12 23:26:20','2025-10-12 23:26:20',_binary '\0',14),(607,'KL',14,'1','2025-10-12 23:26:20','2025-10-12 23:26:20',_binary '\0',14),(608,'KL',15,'1','2025-10-12 23:26:20','2025-10-12 23:26:20',_binary '\0',14),(609,'KL',16,'1','2025-10-12 23:26:20','2025-10-12 23:26:20',_binary '\0',14),(610,'KL',17,'1','2025-10-12 23:26:20','2025-10-12 23:26:20',_binary '\0',14),(611,'KL',18,'1','2025-10-12 23:26:20','2025-10-12 23:26:20',_binary '\0',14),(612,'KL',19,'1','2025-10-12 23:26:20','2025-10-12 23:26:20',_binary '\0',14),(613,'KL',20,'1','2025-10-12 23:26:20','2025-10-12 23:26:20',_binary '\0',14),(614,'KL',21,'1','2025-10-12 23:26:20','2025-10-12 23:26:20',_binary '\0',14),(615,'KL',22,'1','2025-10-12 23:26:20','2025-10-12 23:26:20',_binary '\0',14),(616,'KL',23,'1','2025-10-12 23:26:20','2025-10-12 23:26:20',_binary '\0',14),(617,'KL',24,'1','2025-10-12 23:26:20','2025-10-12 23:26:20',_binary '\0',14),(618,'KL',25,'1','2025-10-12 23:26:20','2025-10-12 23:26:20',_binary '\0',14),(619,'KL',26,'1','2025-10-12 23:26:20','2025-10-12 23:26:20',_binary '\0',14),(620,'KL',27,'1','2025-10-12 23:26:20','2025-10-12 23:26:20',_binary '\0',14),(621,'KL',28,'1','2025-10-12 23:26:20','2025-10-12 23:26:20',_binary '\0',14),(622,'KL',29,'1','2025-10-12 23:26:20','2025-10-12 23:26:20',_binary '\0',14),(623,'KL',30,'1','2025-10-12 23:26:20','2025-10-12 23:26:20',_binary '\0',14),(624,'KL',31,'1','2025-10-12 23:26:20','2025-10-12 23:26:20',_binary '\0',14),(625,'KL',32,'1','2025-10-12 23:26:20','2025-10-12 23:26:20',_binary '\0',14),(626,'KL',33,'1','2025-10-12 23:26:20','2025-10-12 23:26:20',_binary '\0',14),(627,'KL',34,'1','2025-10-12 23:26:20','2025-10-12 23:26:20',_binary '\0',14),(628,'KL',35,'1','2025-10-12 23:26:20','2025-10-12 23:26:20',_binary '\0',14),(629,'KL',36,'1','2025-10-12 23:26:20','2025-10-12 23:26:20',_binary '\0',14),(630,'KL',37,'1','2025-10-12 23:26:20','2025-10-12 23:26:20',_binary '\0',14),(631,'KL',38,'1','2025-10-12 23:26:20','2025-10-12 23:26:20',_binary '\0',14),(632,'KL',39,'1','2025-10-12 23:26:20','2025-10-12 23:26:20',_binary '\0',14),(633,'KL',40,'1','2025-10-12 23:26:20','2025-10-12 23:26:20',_binary '\0',14),(634,'KL',41,'1','2025-10-12 23:26:20','2025-10-12 23:26:20',_binary '\0',14),(635,'KL',42,'1','2025-10-12 23:26:20','2025-10-12 23:26:20',_binary '\0',14),(636,'KL',43,'1','2025-10-12 23:26:20','2025-10-12 23:26:20',_binary '\0',14),(637,'KL',44,'1','2025-10-12 23:26:20','2025-10-12 23:26:20',_binary '\0',14),(638,'KL',45,'1','2025-10-12 23:26:20','2025-10-12 23:26:20',_binary '\0',14),(639,'KL',46,'1','2025-10-12 23:26:20','2025-10-12 23:26:20',_binary '\0',14),(640,'KL',47,'1','2025-10-12 23:26:20','2025-10-12 23:26:20',_binary '\0',14),(641,'KL',48,'1','2025-10-12 23:26:20','2025-10-12 23:26:20',_binary '\0',14),(642,'KL',49,'1','2025-10-12 23:26:20','2025-10-12 23:26:20',_binary '\0',14),(643,'KL',50,'1','2025-10-12 23:26:20','2025-10-12 23:26:20',_binary '\0',14),(644,'KL',51,'1','2025-10-12 23:26:20','2025-10-12 23:26:20',_binary '\0',14),(645,'KL',52,'1','2025-10-12 23:26:20','2025-10-12 23:26:20',_binary '\0',14),(646,'KL',53,'1','2025-10-12 23:26:20','2025-10-12 23:26:20',_binary '\0',14),(647,'KL',54,'1','2025-10-12 23:26:20','2025-10-12 23:26:20',_binary '\0',14),(648,'KL',55,'1','2025-10-12 23:26:20','2025-10-12 23:26:20',_binary '\0',14),(649,'KL',56,'1','2025-10-12 23:26:20','2025-10-12 23:26:20',_binary '\0',14),(650,'KL',57,'1','2025-10-12 23:26:20','2025-10-12 23:26:20',_binary '\0',14),(651,'KL',58,'1','2025-10-12 23:26:20','2025-10-12 23:26:20',_binary '\0',14),(652,'KL',59,'1','2025-10-12 23:26:20','2025-10-12 23:26:20',_binary '\0',14),(653,'KL',60,'1','2025-10-12 23:26:20','2025-10-12 23:26:20',_binary '\0',14),(654,'KL',61,'1','2025-10-12 23:26:20','2025-10-12 23:26:20',_binary '\0',14),(655,'KL',62,'1','2025-10-12 23:26:20','2025-10-12 23:26:20',_binary '\0',14),(656,'KL',63,'1','2025-10-12 23:26:20','2025-10-12 23:26:20',_binary '\0',14),(657,'KL',64,'1','2025-10-12 23:26:20','2025-10-12 23:26:20',_binary '\0',14),(658,'KL',65,'1','2025-10-12 23:26:20','2025-10-12 23:26:20',_binary '\0',14),(659,'KL',66,'1','2025-10-12 23:26:20','2025-10-12 23:26:20',_binary '\0',14),(660,'KL',67,'1','2025-10-12 23:26:20','2025-10-12 23:26:20',_binary '\0',14),(778,'98',1,'1','2025-10-13 00:08:25','2025-10-13 00:08:25',_binary '\0',12),(779,'98',2,'1','2025-10-13 00:08:25','2025-10-13 00:08:25',_binary '\0',12),(780,'98',3,'1','2025-10-13 00:08:25','2025-10-13 00:08:25',_binary '\0',12),(781,'98',4,'1','2025-10-13 00:08:25','2025-10-13 00:08:25',_binary '\0',12),(782,'98',5,'1','2025-10-13 00:08:25','2025-10-13 00:08:25',_binary '\0',12),(783,'98',6,'1','2025-10-13 00:08:25','2025-10-13 00:08:25',_binary '\0',12),(789,'XIO',1,'1','2025-10-13 00:08:45','2025-10-13 00:08:45',_binary '\0',7),(790,'XIO',2,'1','2025-10-13 00:08:45','2025-10-13 00:08:45',_binary '\0',7),(791,'XIO',3,'1','2025-10-13 00:08:45','2025-10-13 00:08:45',_binary '\0',7),(792,'XIO',4,'1','2025-10-13 00:08:45','2025-10-13 00:08:45',_binary '\0',7),(793,'XIO',5,'1','2025-10-13 00:08:45','2025-10-13 00:08:45',_binary '\0',7),(794,'XIO',6,'1','2025-10-13 00:08:45','2025-10-13 00:08:45',_binary '\0',7),(795,'XIO',7,'1','2025-10-13 00:08:45','2025-10-13 00:08:45',_binary '\0',7),(796,'XIO',8,'1','2025-10-13 00:08:45','2025-10-13 00:08:45',_binary '\0',7),(797,'XIO',9,'1','2025-10-13 00:08:45','2025-10-13 00:08:45',_binary '\0',7),(798,'XIO',10,'1','2025-10-13 00:08:45','2025-10-13 00:08:45',_binary '\0',7),(799,'XIO',11,'1','2025-10-13 00:08:45','2025-10-13 00:08:45',_binary '\0',7),(800,'XIO',12,'1','2025-10-13 00:08:45','2025-10-13 00:08:45',_binary '\0',7),(801,'XIO',13,'1','2025-10-13 00:08:45','2025-10-13 00:08:45',_binary '\0',7),(802,'BC',1,'1','2025-10-13 12:03:49','2025-10-13 12:03:49',_binary '\0',4),(803,'BC',2,'1','2025-10-13 12:03:49','2025-10-13 12:03:49',_binary '\0',4),(804,'BC',3,'1','2025-10-13 12:03:49','2025-10-13 12:03:49',_binary '\0',4),(805,'BC',4,'1','2025-10-13 12:03:49','2025-10-13 12:03:49',_binary '\0',4),(806,'BC',5,'1','2025-10-13 12:03:49','2025-10-13 12:03:49',_binary '\0',4),(863,'PO',1,'1','2025-10-13 17:25:17','2025-10-13 17:25:17',_binary '\0',9),(864,'PO',2,'1','2025-10-13 17:25:17','2025-10-13 17:25:17',_binary '\0',9),(865,'PO',3,'1','2025-10-13 17:25:17','2025-10-13 17:25:17',_binary '\0',9),(866,'PO',4,'1','2025-10-13 17:25:17','2025-10-13 17:25:17',_binary '\0',9),(867,'PO',5,'1','2025-10-13 17:25:17','2025-10-13 17:25:17',_binary '\0',9),(868,'PO',6,'1','2025-10-13 17:25:17','2025-10-13 17:25:17',_binary '\0',9),(869,'PO',7,'1','2025-10-13 17:25:17','2025-10-13 17:25:17',_binary '\0',9),(870,'PO',8,'1','2025-10-13 17:25:17','2025-10-13 17:25:17',_binary '\0',9),(871,'PO',9,'1','2025-10-13 17:25:17','2025-10-13 17:25:17',_binary '\0',9),(872,'PO',10,'1','2025-10-13 17:25:17','2025-10-13 17:25:17',_binary '\0',9),(873,'PO',11,'1','2025-10-13 17:25:17','2025-10-13 17:25:17',_binary '\0',9),(874,'PO',12,'1','2025-10-13 17:25:17','2025-10-13 17:25:17',_binary '\0',9),(875,'PO',13,'1','2025-10-13 17:25:17','2025-10-13 17:25:17',_binary '\0',9),(876,'PO',14,'1','2025-10-13 17:25:17','2025-10-13 17:25:17',_binary '\0',9),(877,'PO',15,'1','2025-10-13 17:25:17','2025-10-13 17:25:17',_binary '\0',9),(878,'PO',16,'1','2025-10-13 17:25:17','2025-10-13 17:25:17',_binary '\0',9),(879,'PO',17,'1','2025-10-13 17:25:17','2025-10-13 17:25:17',_binary '\0',9),(880,'PO',18,'1','2025-10-13 17:25:17','2025-10-13 17:25:17',_binary '\0',9),(881,'PO',19,'1','2025-10-13 17:25:17','2025-10-13 17:25:17',_binary '\0',9),(882,'PO',20,'1','2025-10-13 17:25:17','2025-10-13 17:25:17',_binary '\0',9),(883,'PO',21,'1','2025-10-13 17:25:17','2025-10-13 17:25:17',_binary '\0',9),(884,'PO',22,'1','2025-10-13 17:25:17','2025-10-13 17:25:17',_binary '\0',9),(885,'PO',23,'1','2025-10-13 17:25:17','2025-10-13 17:25:17',_binary '\0',9),(886,'PO',24,'1','2025-10-13 17:25:17','2025-10-13 17:25:17',_binary '\0',9),(887,'PO',25,'1','2025-10-13 17:25:17','2025-10-13 17:25:17',_binary '\0',9),(888,'PO',26,'1','2025-10-13 17:25:17','2025-10-13 17:25:17',_binary '\0',9),(889,'PO',27,'1','2025-10-13 17:25:17','2025-10-13 17:25:17',_binary '\0',9),(890,'PO',28,'1','2025-10-13 17:25:17','2025-10-13 17:25:17',_binary '\0',9),(891,'PO',29,'1','2025-10-13 17:25:17','2025-10-13 17:25:17',_binary '\0',9),(892,'PO',30,'1','2025-10-13 17:25:17','2025-10-13 17:25:17',_binary '\0',9),(893,'PO',31,'1','2025-10-13 17:25:17','2025-10-13 17:25:17',_binary '\0',9),(894,'PO',32,'1','2025-10-13 17:25:17','2025-10-13 17:25:17',_binary '\0',9),(895,'PO',33,'1','2025-10-13 17:25:17','2025-10-13 17:25:17',_binary '\0',9),(896,'PO',34,'1','2025-10-13 17:25:17','2025-10-13 17:25:17',_binary '\0',9),(897,'PO',35,'1','2025-10-13 17:25:17','2025-10-13 17:25:17',_binary '\0',9),(898,'PO',36,'1','2025-10-13 17:25:17','2025-10-13 17:25:17',_binary '\0',9),(899,'PO',37,'1','2025-10-13 17:25:17','2025-10-13 17:25:17',_binary '\0',9),(900,'PO',38,'1','2025-10-13 17:25:17','2025-10-13 17:25:17',_binary '\0',9),(901,'PO',39,'1','2025-10-13 17:25:17','2025-10-13 17:25:17',_binary '\0',9),(902,'PO',40,'1','2025-10-13 17:25:17','2025-10-13 17:25:17',_binary '\0',9),(903,'PO',41,'1','2025-10-13 17:25:17','2025-10-13 17:25:17',_binary '\0',9),(904,'PO',42,'1','2025-10-13 17:25:17','2025-10-13 17:25:17',_binary '\0',9),(905,'PO',43,'1','2025-10-13 17:25:17','2025-10-13 17:25:17',_binary '\0',9),(906,'PO',44,'1','2025-10-13 17:25:17','2025-10-13 17:25:17',_binary '\0',9),(907,'PO',45,'1','2025-10-13 17:25:17','2025-10-13 17:25:17',_binary '\0',9),(908,'PO',46,'1','2025-10-13 17:25:17','2025-10-13 17:25:17',_binary '\0',9),(909,'PO',47,'1','2025-10-13 17:25:17','2025-10-13 17:25:17',_binary '\0',9),(910,'PO',48,'1','2025-10-13 17:25:17','2025-10-13 17:25:17',_binary '\0',9),(911,'PO',49,'1','2025-10-13 17:25:17','2025-10-13 17:25:17',_binary '\0',9),(912,'PO',50,'1','2025-10-13 17:25:17','2025-10-13 17:25:17',_binary '\0',9),(913,'PO',51,'1','2025-10-13 17:25:17','2025-10-13 17:25:17',_binary '\0',9),(914,'PO',52,'1','2025-10-13 17:25:17','2025-10-13 17:25:17',_binary '\0',9),(915,'PO',53,'1','2025-10-13 17:25:17','2025-10-13 17:25:17',_binary '\0',9),(916,'PO',54,'1','2025-10-13 17:25:17','2025-10-13 17:25:17',_binary '\0',9),(917,'PO',55,'1','2025-10-13 17:25:17','2025-10-13 17:25:17',_binary '\0',9),(918,'PO',56,'1','2025-10-13 17:25:17','2025-10-13 17:25:17',_binary '\0',9),(919,'PO',57,'1','2025-10-13 17:25:17','2025-10-13 17:25:17',_binary '\0',9),(920,'PO',58,'1','2025-10-13 17:25:17','2025-10-13 17:25:17',_binary '\0',9),(921,'PO',59,'1','2025-10-13 17:25:17','2025-10-13 17:25:17',_binary '\0',9),(922,'PO',60,'1','2025-10-13 17:25:17','2025-10-13 17:25:17',_binary '\0',9),(923,'PO',61,'1','2025-10-13 17:25:17','2025-10-13 17:25:17',_binary '\0',9),(924,'PO',62,'1','2025-10-13 17:25:17','2025-10-13 17:25:17',_binary '\0',9),(925,'PO',63,'1','2025-10-13 17:25:17','2025-10-13 17:25:17',_binary '\0',9),(926,'PO',64,'1','2025-10-13 17:25:17','2025-10-13 17:25:17',_binary '\0',9),(927,'PO',65,'1','2025-10-13 17:25:17','2025-10-13 17:25:17',_binary '\0',9),(928,'PO',66,'1','2025-10-13 17:25:17','2025-10-13 17:25:17',_binary '\0',9),(929,'PO',67,'1','2025-10-13 17:25:17','2025-10-13 17:25:17',_binary '\0',9),(930,'PO',68,'1','2025-10-13 17:25:17','2025-10-13 17:25:17',_binary '\0',9),(931,'PO',69,'1','2025-10-13 17:25:17','2025-10-13 17:25:17',_binary '\0',9),(932,'PO',70,'1','2025-10-13 17:25:17','2025-10-13 17:25:17',_binary '\0',9),(933,'PO',71,'1','2025-10-13 17:25:17','2025-10-13 17:25:17',_binary '\0',9),(934,'PO',72,'1','2025-10-13 17:25:17','2025-10-13 17:25:17',_binary '\0',9),(935,'PO',73,'1','2025-10-13 17:25:17','2025-10-13 17:25:17',_binary '\0',9),(936,'PO',74,'1','2025-10-13 17:25:17','2025-10-13 17:25:17',_binary '\0',9),(937,'PO',75,'1','2025-10-13 17:25:17','2025-10-13 17:25:17',_binary '\0',9),(938,'PO',76,'1','2025-10-13 17:25:17','2025-10-13 17:25:17',_binary '\0',9),(939,'PO',77,'1','2025-10-13 17:25:17','2025-10-13 17:25:17',_binary '\0',9),(940,'PO',78,'1','2025-10-13 17:25:17','2025-10-13 17:25:17',_binary '\0',9),(941,'T',1,'1','2025-10-14 20:40:32','2025-10-14 20:40:32',_binary '\0',6),(942,'T',2,'1','2025-10-14 20:40:32','2025-10-14 20:40:32',_binary '\0',6),(943,'T',3,'1','2025-10-14 20:40:32','2025-10-14 20:40:32',_binary '\0',6),(944,'T',4,'1','2025-10-14 20:40:32','2025-10-14 20:40:32',_binary '\0',6),(945,'T',5,'1','2025-10-14 20:40:32','2025-10-14 20:40:32',_binary '\0',6),(946,'T',6,'1','2025-10-14 20:40:32','2025-10-14 20:40:32',_binary '\0',6),(947,'T',7,'1','2025-10-14 20:40:32','2025-10-14 20:40:32',_binary '\0',6),(948,'T',8,'1','2025-10-14 20:40:32','2025-10-14 20:40:32',_binary '\0',6),(949,'T',9,'1','2025-10-14 20:40:32','2025-10-14 20:40:32',_binary '\0',6),(950,'T',10,'1','2025-10-14 20:40:32','2025-10-14 20:40:32',_binary '\0',6),(951,'T',11,'1','2025-10-14 20:40:32','2025-10-14 20:40:32',_binary '\0',6),(952,'T',12,'1','2025-10-14 20:40:32','2025-10-14 20:40:32',_binary '\0',6),(953,'T',13,'1','2025-10-14 20:40:32','2025-10-14 20:40:32',_binary '\0',6),(954,'T',14,'1','2025-10-14 20:40:32','2025-10-14 20:40:32',_binary '\0',6),(955,'T',15,'1','2025-10-14 20:40:32','2025-10-14 20:40:32',_binary '\0',6),(956,'T',16,'1','2025-10-14 20:40:32','2025-10-14 20:40:32',_binary '\0',6),(957,'T',17,'1','2025-10-14 20:40:32','2025-10-14 20:40:32',_binary '\0',6),(958,'T',18,'1','2025-10-14 20:40:32','2025-10-14 20:40:32',_binary '\0',6),(959,'T',19,'1','2025-10-14 20:40:32','2025-10-14 20:40:32',_binary '\0',6),(960,'T',20,'1','2025-10-14 20:40:32','2025-10-14 20:40:32',_binary '\0',6),(961,'T',21,'1','2025-10-14 20:40:32','2025-10-14 20:40:32',_binary '\0',6),(962,'T',22,'1','2025-10-14 20:40:32','2025-10-14 20:40:32',_binary '\0',6),(963,'T',23,'1','2025-10-14 20:40:32','2025-10-14 20:40:32',_binary '\0',6),(964,'T',24,'1','2025-10-14 20:40:32','2025-10-14 20:40:32',_binary '\0',6),(965,'T',25,'1','2025-10-14 20:40:32','2025-10-14 20:40:32',_binary '\0',6),(966,'T',26,'1','2025-10-14 20:40:32','2025-10-14 20:40:32',_binary '\0',6),(967,'T',27,'1','2025-10-14 20:40:32','2025-10-14 20:40:32',_binary '\0',6),(968,'T',28,'1','2025-10-14 20:40:32','2025-10-14 20:40:32',_binary '\0',6),(969,'T',29,'1','2025-10-14 20:40:32','2025-10-14 20:40:32',_binary '\0',6),(970,'T',30,'1','2025-10-14 20:40:32','2025-10-14 20:40:32',_binary '\0',6),(971,'T',31,'1','2025-10-14 20:40:32','2025-10-14 20:40:32',_binary '\0',6),(972,'T',32,'1','2025-10-14 20:40:32','2025-10-14 20:40:32',_binary '\0',6),(973,'T',33,'1','2025-10-14 20:40:32','2025-10-14 20:40:32',_binary '\0',6),(974,'T',34,'1','2025-10-14 20:40:32','2025-10-14 20:40:32',_binary '\0',6),(975,'T',35,'1','2025-10-14 20:40:32','2025-10-14 20:40:32',_binary '\0',6),(976,'T',36,'1','2025-10-14 20:40:32','2025-10-14 20:40:32',_binary '\0',6),(977,'T',37,'1','2025-10-14 20:40:32','2025-10-14 20:40:32',_binary '\0',6),(978,'T',38,'1','2025-10-14 20:40:32','2025-10-14 20:40:32',_binary '\0',6),(979,'T',39,'1','2025-10-14 20:40:32','2025-10-14 20:40:32',_binary '\0',6),(980,'T',40,'1','2025-10-14 20:40:32','2025-10-14 20:40:32',_binary '\0',6),(981,'T',41,'1','2025-10-14 20:40:32','2025-10-14 20:40:32',_binary '\0',6),(982,'T',42,'1','2025-10-14 20:40:32','2025-10-14 20:40:32',_binary '\0',6),(983,'T',43,'1','2025-10-14 20:40:32','2025-10-14 20:40:32',_binary '\0',6),(984,'T',44,'1','2025-10-14 20:40:32','2025-10-14 20:40:32',_binary '\0',6),(985,'T',45,'1','2025-10-14 20:40:32','2025-10-14 20:40:32',_binary '\0',6),(986,'T',46,'1','2025-10-14 20:40:32','2025-10-14 20:40:32',_binary '\0',6),(987,'T',47,'1','2025-10-14 20:40:32','2025-10-14 20:40:32',_binary '\0',6),(988,'T',48,'1','2025-10-14 20:40:32','2025-10-14 20:40:32',_binary '\0',6),(989,'T',49,'1','2025-10-14 20:40:32','2025-10-14 20:40:32',_binary '\0',6),(990,'T',50,'1','2025-10-14 20:40:32','2025-10-14 20:40:32',_binary '\0',6),(991,'T',51,'1','2025-10-14 20:40:32','2025-10-14 20:40:32',_binary '\0',6),(992,'T',52,'1','2025-10-14 20:40:32','2025-10-14 20:40:32',_binary '\0',6),(993,'T',53,'1','2025-10-14 20:40:32','2025-10-14 20:40:32',_binary '\0',6),(994,'T',54,'1','2025-10-14 20:40:32','2025-10-14 20:40:32',_binary '\0',6),(995,'T',55,'1','2025-10-14 20:40:32','2025-10-14 20:40:32',_binary '\0',6),(996,'T',56,'1','2025-10-14 20:40:32','2025-10-14 20:40:32',_binary '\0',6),(997,'C',1,'1','2025-10-14 20:43:49','2025-10-14 20:43:49',_binary '\0',5),(998,'C',2,'1','2025-10-14 20:43:49','2025-10-14 20:43:49',_binary '\0',5),(999,'C',3,'1','2025-10-14 20:43:49','2025-10-14 20:43:49',_binary '\0',5),(1000,'C',4,'1','2025-10-14 20:43:49','2025-10-14 20:43:49',_binary '\0',5),(1001,'C',5,'1','2025-10-14 20:43:49','2025-10-14 20:43:49',_binary '\0',5),(1002,'C',6,'1','2025-10-14 20:43:49','2025-10-14 20:43:49',_binary '\0',5),(1003,'C',7,'1','2025-10-14 20:43:49','2025-10-14 20:43:49',_binary '\0',5),(1004,'C',8,'1','2025-10-14 20:43:49','2025-10-14 20:43:49',_binary '\0',5),(1005,'C',9,'1','2025-10-14 20:43:49','2025-10-14 20:43:49',_binary '\0',5),(1006,'C',10,'1','2025-10-14 20:43:49','2025-10-14 20:43:49',_binary '\0',5),(1007,'C',11,'1','2025-10-14 20:43:49','2025-10-14 20:43:49',_binary '\0',5),(1008,'C',12,'1','2025-10-14 20:43:49','2025-10-14 20:43:49',_binary '\0',5),(1009,'C',13,'1','2025-10-14 20:43:49','2025-10-14 20:43:49',_binary '\0',5),(1010,'C',14,'1','2025-10-14 20:43:49','2025-10-14 20:43:49',_binary '\0',5),(1011,'C',15,'1','2025-10-14 20:43:49','2025-10-14 20:43:49',_binary '\0',5),(1012,'C',16,'1','2025-10-14 20:43:49','2025-10-14 20:43:49',_binary '\0',5),(1013,'C',17,'1','2025-10-14 20:43:49','2025-10-14 20:43:49',_binary '\0',5),(1014,'C',18,'1','2025-10-14 20:43:49','2025-10-14 20:43:49',_binary '\0',5),(1015,'C',19,'1','2025-10-14 20:43:49','2025-10-14 20:43:49',_binary '\0',5),(1016,'C',20,'1','2025-10-14 20:43:49','2025-10-14 20:43:49',_binary '\0',5),(1017,'C',21,'1','2025-10-14 20:43:49','2025-10-14 20:43:49',_binary '\0',5),(1018,'C',22,'1','2025-10-14 20:43:49','2025-10-14 20:43:49',_binary '\0',5),(1019,'C',23,'1','2025-10-14 20:43:49','2025-10-14 20:43:49',_binary '\0',5),(1020,'CNA',1,'1','2025-10-14 20:43:56','2025-10-14 20:43:56',_binary '\0',2),(1021,'CNA',2,'1','2025-10-14 20:43:56','2025-10-14 20:43:56',_binary '\0',2),(1022,'CNA',3,'1','2025-10-14 20:43:56','2025-10-14 20:43:56',_binary '\0',2),(1023,'CNA',4,'1','2025-10-14 20:43:56','2025-10-14 20:43:56',_binary '\0',2),(1024,'CNA',5,'1','2025-10-14 20:43:56','2025-10-14 20:43:56',_binary '\0',2),(1025,'CNA',6,'1','2025-10-14 20:43:56','2025-10-14 20:43:56',_binary '\0',2),(1026,'CNA',7,'1','2025-10-14 20:43:56','2025-10-14 20:43:56',_binary '\0',2),(1027,'CNA',8,'1','2025-10-14 20:43:56','2025-10-14 20:43:56',_binary '\0',2),(1028,'CNA',9,'1','2025-10-14 20:43:56','2025-10-14 20:43:56',_binary '\0',2),(1029,'CNA',10,'1','2025-10-14 20:43:56','2025-10-14 20:43:56',_binary '\0',2);
/*!40000 ALTER TABLE `tbl_vehicleblocks` ENABLE KEYS */;
UNLOCK TABLES;

--
-- Table structure for table `tbl_vehicleparking`
--

DROP TABLE IF EXISTS `tbl_vehicleparking`;
/*!40101 SET @saved_cs_client     = @@character_set_client */;
/*!50503 SET character_set_client = utf8mb4 */;
CREATE TABLE `tbl_vehicleparking` (
  `ParkingId` int NOT NULL AUTO_INCREMENT,
  `Name` varchar(100) DEFAULT NULL,
  `MobileNo` varchar(15) NOT NULL,
  `VehicleNo` varchar(45) NOT NULL,
  `CheckIn` datetime NOT NULL,
  `CheckOut` datetime DEFAULT NULL,
  `TotalHours` time DEFAULT NULL,
  `VehicleTypeId` int NOT NULL,
  `PerHourCharge` decimal(10,2) NOT NULL,
  `TransactionId` varchar(150) DEFAULT NULL,
  `PaidThrow` varchar(100) DEFAULT NULL,
  `IsPaid` bit(1) DEFAULT b'0',
  `CreatedDate` datetime DEFAULT NULL,
  `ModifiedDate` datetime DEFAULT NULL,
  `OwnerId` varchar(45) DEFAULT NULL,
  `IsDeleted` bit(1) DEFAULT b'0',
  `TotalCharges` decimal(10,2) DEFAULT NULL,
  `BlockName` varchar(45) NOT NULL,
  `SlotNo` int NOT NULL,
  `IsSubmittedKey` bit(1) DEFAULT b'0',
  `VehicleTypeName` varchar(150) DEFAULT NULL,
  `Comments` text,
  PRIMARY KEY (`ParkingId`),
  KEY `FK_tbl_vehicleparking_VehicleTypeId_idx` (`VehicleTypeId`),
  CONSTRAINT `FK_tbl_vehicleparking_VehicleTypeId` FOREIGN KEY (`VehicleTypeId`) REFERENCES `tbl_vehicletypes` (`VehicleId`)
) ENGINE=InnoDB AUTO_INCREMENT=12 DEFAULT CHARSET=utf8mb4 COLLATE=utf8mb4_0900_ai_ci;
/*!40101 SET character_set_client = @saved_cs_client */;

--
-- Dumping data for table `tbl_vehicleparking`
--

LOCK TABLES `tbl_vehicleparking` WRITE;
/*!40000 ALTER TABLE `tbl_vehicleparking` DISABLE KEYS */;
INSERT INTO `tbl_vehicleparking` VALUES (1,'','','MH14LK0511','2025-10-13 18:40:36','2025-10-14 19:46:46','25:06:09',5,10.00,'','Online',_binary '','2025-10-13 18:40:36','2025-10-14 19:46:46','1',_binary '\0',251.03,'C',1,_binary '\0','',NULL),(2,'','','MH14LK0511','2025-10-13 19:25:07','2025-10-14 19:46:43','24:21:35',5,10.00,'','Online',_binary '','2025-10-13 19:25:07','2025-10-14 19:46:43','1',_binary '\0',243.60,'C',2,_binary '','',NULL),(3,'','','MH14LK0511','2025-10-13 19:26:39','2025-10-14 19:46:23','24:19:39',5,10.00,'','Online',_binary '','2025-10-13 19:26:39','2025-10-14 19:46:23','1',_binary '\0',243.28,'C',3,_binary '\0','',NULL),(4,'','','MH14LK0511','2025-10-13 19:27:17','2025-10-14 16:28:13','21:00:53',5,10.00,NULL,'Abandant',_binary '','2025-10-13 19:27:17','2025-10-14 16:28:13','1',_binary '\0',210.15,'C',4,_binary '','',''),(5,'','','MH14LK0511','2025-10-13 19:41:15','2025-10-14 16:36:25','20:55:09',5,10.00,'','Online',_binary '','2025-10-13 19:41:15','2025-10-14 16:36:25','1',_binary '\0',209.19,'C',5,_binary '\0','Cycle',NULL),(6,'','','KL89JK7887','2025-10-13 20:40:09','2025-10-14 16:26:50','19:46:38',5,10.00,'','Online',_binary '','2025-10-13 20:40:09','2025-10-14 16:26:50','1',_binary '\0',197.77,'C',6,_binary '\0','Cycle',NULL),(7,'Udhayarajan j','8248748016','MH14LK0512','2025-10-13 21:20:39','2025-10-14 16:26:25','19:05:39',8,320.00,'','Online',_binary '','2025-10-13 21:20:39','2025-10-14 16:31:23','1',_binary '',6110.13,'VBD',1,_binary '\0','Bus',NULL),(8,'','','MH89JU7675','2025-10-13 22:39:29',NULL,NULL,4,76.00,NULL,NULL,_binary '\0','2025-10-13 22:39:29','2025-10-14 12:48:40','1',_binary '',NULL,'BC',1,_binary '\0','Bike',NULL),(9,'','','MP90ER2333','2025-10-14 16:31:42','2025-10-14 16:34:33','00:02:50',6,500.00,'','Online',_binary '','2025-10-14 16:31:42','2025-10-14 16:34:33','1',_binary '\0',23.61,'T',1,_binary '','Truck',NULL),(10,'Udhayarajan J','8248748016','MH14LK0511','2025-10-14 19:47:14','2025-10-14 19:47:28','00:00:10',6,500.00,NULL,'Cash',_binary '','2025-10-14 19:47:14','2025-10-14 19:47:28','1',_binary '\0',1.39,'T',1,_binary '','Truck',''),(11,'Udhayarajan J','8248748016','MH14LK0511','2025-10-14 20:41:58','2025-10-15 19:05:06','22:23:01',6,510.00,'','Online',_binary '','2025-10-14 20:41:58','2025-10-15 19:05:06','1',_binary '\0',11415.64,'T',1,_binary '','Truck',NULL);
/*!40000 ALTER TABLE `tbl_vehicleparking` ENABLE KEYS */;
UNLOCK TABLES;

--
-- Table structure for table `tbl_vehicletypes`
--

DROP TABLE IF EXISTS `tbl_vehicletypes`;
/*!40101 SET @saved_cs_client     = @@character_set_client */;
/*!50503 SET character_set_client = utf8mb4 */;
CREATE TABLE `tbl_vehicletypes` (
  `VehicleId` int NOT NULL AUTO_INCREMENT,
  `Name` varchar(150) NOT NULL,
  `IsEnabled` bit(1) NOT NULL DEFAULT b'1',
  `CreatedDate` datetime NOT NULL,
  `ModifiedDate` datetime NOT NULL,
  `IsDeleted` bit(1) NOT NULL DEFAULT b'0',
  `PerHourCharge` decimal(10,2) NOT NULL,
  `BlockName` varchar(45) NOT NULL,
  `OwnerId` varchar(45) NOT NULL,
  `TotalSlots` varchar(45) DEFAULT NULL,
  PRIMARY KEY (`VehicleId`)
) ENGINE=InnoDB AUTO_INCREMENT=15 DEFAULT CHARSET=utf8mb4 COLLATE=utf8mb4_0900_ai_ci;
/*!40101 SET character_set_client = @saved_cs_client */;

--
-- Dumping data for table `tbl_vehicletypes`
--

LOCK TABLES `tbl_vehicletypes` WRITE;
/*!40000 ALTER TABLE `tbl_vehicletypes` DISABLE KEYS */;
INSERT INTO `tbl_vehicletypes` VALUES (1,'Car',_binary '','2025-10-11 09:01:36','2025-10-11 09:02:17',_binary '',100.99,'CNA','1','10'),(2,'Car',_binary '','2025-10-11 09:03:39','2025-10-14 20:43:56',_binary '\0',110.00,'CNA','1','10'),(3,'JCB',_binary '','2025-10-12 23:12:39','2025-10-12 23:19:38',_binary '',710.00,'JB','1','100'),(4,'Bike',_binary '','2025-10-12 23:21:21','2025-10-13 12:03:49',_binary '\0',76.00,'BC','1','5'),(5,'Cycle',_binary '\0','2025-10-12 23:21:52','2025-10-14 20:43:49',_binary '\0',10.00,'C','1','23'),(6,'Truck',_binary '','2025-10-12 23:22:11','2025-10-14 20:40:32',_binary '\0',510.00,'T','1','56'),(7,'Xylo',_binary '','2025-10-12 23:23:00','2025-10-13 00:08:45',_binary '\0',67.00,'XIO','1','13'),(8,'Bus',_binary '','2025-10-12 23:23:20','2025-10-12 23:23:20',_binary '\0',320.00,'VBD','1','56'),(9,'Innovo',_binary '\0','2025-10-12 23:23:53','2025-10-13 17:25:17',_binary '\0',890.00,'PO','1','78'),(10,'XL',_binary '','2025-10-12 23:24:20','2025-10-12 23:24:20',_binary '\0',30.00,'XL','1','7'),(11,'UI',_binary '','2025-10-12 23:24:59','2025-10-12 23:24:59',_binary '\0',89.00,'OPS','1','8'),(12,'Modern',_binary '','2025-10-12 23:25:36','2025-10-13 00:08:25',_binary '\0',100.00,'98','1','6'),(13,'IOPS',_binary '','2025-10-12 23:26:00','2025-10-12 23:26:00',_binary '\0',78.00,'ICK','1','7'),(14,'LXP',_binary '','2025-10-12 23:26:20','2025-10-12 23:26:20',_binary '\0',898.00,'KL','1','67');
/*!40000 ALTER TABLE `tbl_vehicletypes` ENABLE KEYS */;
UNLOCK TABLES;

--
-- Dumping events for database 'fptp'
--

--
-- Dumping routines for database 'fptp'
--
/*!50003 DROP PROCEDURE IF EXISTS `usp_DeleteParkingVehicle` */;
/*!50003 SET @saved_cs_client      = @@character_set_client */ ;
/*!50003 SET @saved_cs_results     = @@character_set_results */ ;
/*!50003 SET @saved_col_connection = @@collation_connection */ ;
/*!50003 SET character_set_client  = utf8mb4 */ ;
/*!50003 SET character_set_results = utf8mb4 */ ;
/*!50003 SET collation_connection  = utf8mb4_0900_ai_ci */ ;
/*!50003 SET @saved_sql_mode       = @@sql_mode */ ;
/*!50003 SET sql_mode              = 'ONLY_FULL_GROUP_BY,STRICT_TRANS_TABLES,NO_ZERO_IN_DATE,NO_ZERO_DATE,ERROR_FOR_DIVISION_BY_ZERO,NO_ENGINE_SUBSTITUTION' */ ;
DELIMITER ;;
CREATE DEFINER=`root`@`localhost` PROCEDURE `usp_DeleteParkingVehicle`(
	in p_ParkingId int,
    in p_OwnerId varchar(45)
)
BEGIN
	declare result int;
	declare messge varchar(200);
	UPDATE tbl_vehicleparking
	SET
		ModifiedDate = now(),
		IsDeleted = 1,
		OwnerId = p_OwnerId
	WHERE 
		ParkingId = p_ParkingId
		and IsDeleted = 0
		and OwnerId = p_OwnerId;
	set messge = 'Vehicle registration details are deleted successfully';
    set result = p_ParkingId;
    select
		result as 'Result',
        messge as 'Message';
END ;;
DELIMITER ;
/*!50003 SET sql_mode              = @saved_sql_mode */ ;
/*!50003 SET character_set_client  = @saved_cs_client */ ;
/*!50003 SET character_set_results = @saved_cs_results */ ;
/*!50003 SET collation_connection  = @saved_col_connection */ ;
/*!50003 DROP PROCEDURE IF EXISTS `usp_GetAvailableSlots` */;
/*!50003 SET @saved_cs_client      = @@character_set_client */ ;
/*!50003 SET @saved_cs_results     = @@character_set_results */ ;
/*!50003 SET @saved_col_connection = @@collation_connection */ ;
/*!50003 SET character_set_client  = utf8mb4 */ ;
/*!50003 SET character_set_results = utf8mb4 */ ;
/*!50003 SET collation_connection  = utf8mb4_0900_ai_ci */ ;
/*!50003 SET @saved_sql_mode       = @@sql_mode */ ;
/*!50003 SET sql_mode              = 'ONLY_FULL_GROUP_BY,STRICT_TRANS_TABLES,NO_ZERO_IN_DATE,NO_ZERO_DATE,ERROR_FOR_DIVISION_BY_ZERO,NO_ENGINE_SUBSTITUTION' */ ;
DELIMITER ;;
CREATE DEFINER=`root`@`localhost` PROCEDURE `usp_GetAvailableSlots`(
	in p_VehicleTypeId int,
    in p_OwnerId varchar(45)
)
BEGIN
	select
		vb.SlotNumber as 'slotNumber',
		vb.Name as 'blockName',
		now() as 'checkInTime'
	from
		tbl_vehicleblocks vb
		left join tbl_vehicleparking parking on parking.VehicleTypeId = vb.VehicleId and parking.SlotNo = vb.SlotNumber and parking.IsPaid = 0 and parking.OwnerId = p_OwnerId
	where
		vb.VehicleId = p_VehicleTypeId
        and vb.OwnerId = p_OwnerId
		and parking.ParkingId is null
	limit 1;
END ;;
DELIMITER ;
/*!50003 SET sql_mode              = @saved_sql_mode */ ;
/*!50003 SET character_set_client  = @saved_cs_client */ ;
/*!50003 SET character_set_results = @saved_cs_results */ ;
/*!50003 SET collation_connection  = @saved_col_connection */ ;
/*!50003 DROP PROCEDURE IF EXISTS `usp_GetParkingVehicleTable` */;
/*!50003 SET @saved_cs_client      = @@character_set_client */ ;
/*!50003 SET @saved_cs_results     = @@character_set_results */ ;
/*!50003 SET @saved_col_connection = @@collation_connection */ ;
/*!50003 SET character_set_client  = utf8mb4 */ ;
/*!50003 SET character_set_results = utf8mb4 */ ;
/*!50003 SET collation_connection  = utf8mb4_0900_ai_ci */ ;
/*!50003 SET @saved_sql_mode       = @@sql_mode */ ;
/*!50003 SET sql_mode              = 'ONLY_FULL_GROUP_BY,STRICT_TRANS_TABLES,NO_ZERO_IN_DATE,NO_ZERO_DATE,ERROR_FOR_DIVISION_BY_ZERO,NO_ENGINE_SUBSTITUTION' */ ;
DELIMITER ;;
CREATE DEFINER=`root`@`localhost` PROCEDURE `usp_GetParkingVehicleTable`(
	in p_PageNo int,
    in p_PageSize int,
    in p_OwnerId varchar(45),
    in p_FilterVehicleNo varchar(45),
    in p_FilterIsPaid bit(1),
    in p_FilterCheckInDate datetime,
    in p_FilterCheckOutDate datetime,
    in p_FilterMobileNumber varchar(15),
    in p_FilterName varchar(100),
    in p_FilterVehicleId int,
    in p_FilterSubmittedKey bit(1),
    in p_FilterPaidThrow varchar(100)
)
BEGIN
	declare offsetRows int;
    set offsetRows = (p_PageNo * p_PageSize);
    SELECT 
		COUNT(vp.ParkingId) AS totalRecords
	FROM
		tbl_vehicleparking vp
	WHERE
		vp.IsDeleted = 0
		AND vp.OwnerId = p_OwnerId
		AND (p_FilterCheckInDate IS NULL OR DATE(vp.CheckIn) = DATE(p_FilterCheckInDate))
		AND (p_FilterCheckOutDate IS NULL OR DATE(vp.CheckOut) = DATE(p_FilterCheckOutDate))
		AND (p_FilterVehicleId IS NULL OR p_FilterVehicleId = 0 OR vp.VehicleTypeId = p_FilterVehicleId)
		AND (p_FilterMobileNumber IS NULL OR p_FilterMobileNumber = '' OR vp.MobileNo LIKE CONCAT(p_FilterMobileNumber, '%'))
		AND (p_FilterVehicleNo IS NULL OR p_FilterVehicleNo = '' OR vp.VehicleNo LIKE CONCAT(p_FilterVehicleNo, '%'))
		AND (p_FilterPaidThrow IS NULL OR p_FilterPaidThrow = '' OR vp.PaidThrow = p_FilterPaidThrow)
		AND (p_FilterIsPaid IS NULL OR vp.IsPaid = p_FilterIsPaid)
		AND (p_FilterSubmittedKey IS NULL OR vp.IsSubmittedKey = p_FilterSubmittedKey)
		AND (p_FilterName IS NULL OR p_FilterName = '' OR vp.Name LIKE CONCAT('%', p_FilterName, '%'));
	SELECT 
		vp.ParkingId,
		vp.Name,
		vp.MobileNo,
		vp.VehicleNo,
		vp.CheckIn,
		vp.CheckOut,
		vp.TotalHours,
		vp.VehicleTypeId,
		vp.PerHourCharge,
		vp.TransactionId,
		vp.PaidThrow,
		vp.IsPaid,
		vp.CreatedDate,
		vp.ModifiedDate,
		vp.OwnerId,
		vp.IsDeleted,
		vp.TotalCharges,
		vp.BlockName,
		vp.SlotNo,
		vp.IsSubmittedKey,
		vp.VehicleTypeName,
		vp.Comments
	FROM 
		tbl_vehicleparking vp
	WHERE
		vp.IsDeleted = 0
		AND vp.OwnerId = p_OwnerId
		AND (p_FilterCheckInDate IS NULL OR DATE(vp.CheckIn) = DATE(p_FilterCheckInDate))
		AND (p_FilterCheckOutDate IS NULL OR DATE(vp.CheckOut) = DATE(p_FilterCheckOutDate))
		AND (p_FilterVehicleId IS NULL OR p_FilterVehicleId = 0 OR vp.VehicleTypeId = p_FilterVehicleId)
		AND (p_FilterMobileNumber IS NULL OR p_FilterMobileNumber = '' OR vp.MobileNo LIKE CONCAT(p_FilterMobileNumber, '%'))
		AND (p_FilterVehicleNo IS NULL OR p_FilterVehicleNo = '' OR vp.VehicleNo LIKE CONCAT(p_FilterVehicleNo, '%'))
		AND (p_FilterPaidThrow IS NULL OR p_FilterPaidThrow = '' OR vp.PaidThrow = p_FilterPaidThrow)
		AND (p_FilterIsPaid IS NULL OR vp.IsPaid = p_FilterIsPaid)
		AND (p_FilterSubmittedKey IS NULL OR vp.IsSubmittedKey = p_FilterSubmittedKey)
		AND (p_FilterName IS NULL OR p_FilterName = '' OR vp.Name LIKE CONCAT('%', p_FilterName, '%'))
	ORDER BY vp.CheckIn DESC,vp.IsPaid ASC
    limit p_PageSize
    offset offsetRows;
END ;;
DELIMITER ;
/*!50003 SET sql_mode              = @saved_sql_mode */ ;
/*!50003 SET character_set_client  = @saved_cs_client */ ;
/*!50003 SET character_set_results = @saved_cs_results */ ;
/*!50003 SET collation_connection  = @saved_col_connection */ ;
/*!50003 DROP PROCEDURE IF EXISTS `usp_GetTableVehicleTypes` */;
/*!50003 SET @saved_cs_client      = @@character_set_client */ ;
/*!50003 SET @saved_cs_results     = @@character_set_results */ ;
/*!50003 SET @saved_col_connection = @@collation_connection */ ;
/*!50003 SET character_set_client  = utf8mb4 */ ;
/*!50003 SET character_set_results = utf8mb4 */ ;
/*!50003 SET collation_connection  = utf8mb4_0900_ai_ci */ ;
/*!50003 SET @saved_sql_mode       = @@sql_mode */ ;
/*!50003 SET sql_mode              = 'ONLY_FULL_GROUP_BY,STRICT_TRANS_TABLES,NO_ZERO_IN_DATE,NO_ZERO_DATE,ERROR_FOR_DIVISION_BY_ZERO,NO_ENGINE_SUBSTITUTION' */ ;
DELIMITER ;;
CREATE DEFINER=`root`@`localhost` PROCEDURE `usp_GetTableVehicleTypes`(
	in p_PageNo int,
    in p_PageSize int,
    in p_OwnerId varchar(45),
    in p_FilterDate datetime,
    in p_FilterName varchar(150)
)
BEGIN
	declare offsetRows int;
    set offsetRows = (p_PageNo * p_PageSize);
	SELECT 
		COUNT(vt.VehicleId) AS totalRecords
	FROM
		tbl_vehicletypes vt
	WHERE
		vt.IsDeleted = 0
		AND vt.OwnerId = p_OwnerId
		AND (p_FilterDate IS NULL OR DATE(vt.ModifiedDate) = DATE(p_FilterDate))
		AND (p_FilterName IS NULL OR p_FilterName = '' OR vt.Name LIKE CONCAT('%', p_FilterName, '%'));

	SELECT 
		vt.VehicleId,
		vt.Name,
		vt.PerHourCharge,
		vt.BlockName,
		vt.TotalSlots,
		vt.IsEnabled,
		vt.CreatedDate,
		vt.ModifiedDate,
		vt.IsDeleted,
		vt.OwnerId
	FROM
		tbl_vehicletypes vt
	WHERE
		vt.IsDeleted = 0
		AND vt.OwnerId = p_OwnerId
		AND (p_FilterDate IS NULL OR DATE(vt.ModifiedDate) = DATE(p_FilterDate))
		AND (p_FilterName IS NULL OR p_FilterName = '' OR vt.Name LIKE CONCAT('%', p_FilterName, '%'))
	ORDER BY vt.ModifiedDate DESC
    limit p_PageSize
    offset offsetRows;
END ;;
DELIMITER ;
/*!50003 SET sql_mode              = @saved_sql_mode */ ;
/*!50003 SET character_set_client  = @saved_cs_client */ ;
/*!50003 SET character_set_results = @saved_cs_results */ ;
/*!50003 SET collation_connection  = @saved_col_connection */ ;
/*!50003 DROP PROCEDURE IF EXISTS `usp_GetTotalChargeOfParking` */;
/*!50003 SET @saved_cs_client      = @@character_set_client */ ;
/*!50003 SET @saved_cs_results     = @@character_set_results */ ;
/*!50003 SET @saved_col_connection = @@collation_connection */ ;
/*!50003 SET character_set_client  = utf8mb4 */ ;
/*!50003 SET character_set_results = utf8mb4 */ ;
/*!50003 SET collation_connection  = utf8mb4_0900_ai_ci */ ;
/*!50003 SET @saved_sql_mode       = @@sql_mode */ ;
/*!50003 SET sql_mode              = 'ONLY_FULL_GROUP_BY,STRICT_TRANS_TABLES,NO_ZERO_IN_DATE,NO_ZERO_DATE,ERROR_FOR_DIVISION_BY_ZERO,NO_ENGINE_SUBSTITUTION' */ ;
DELIMITER ;;
CREATE DEFINER=`root`@`localhost` PROCEDURE `usp_GetTotalChargeOfParking`(
	in p_ParkingId int,
    in p_OwnerId varchar(45)
)
BEGIN
	SELECT 
		ParkingId,
		TIMEDIFF(NOW(), CheckIn) AS TotalHours,
		ROUND((TIME_TO_SEC(TIMEDIFF(NOW(), CheckIn)) / 3600) * PerHourCharge, 2) AS TotalCharge,
		PerHourCharge,
		VehicleNo
	FROM fptp.tbl_vehicleparking
	WHERE ParkingId = p_ParkingId AND IsDeleted = 0 AND OwnerId = p_OwnerId;
END ;;
DELIMITER ;
/*!50003 SET sql_mode              = @saved_sql_mode */ ;
/*!50003 SET character_set_client  = @saved_cs_client */ ;
/*!50003 SET character_set_results = @saved_cs_results */ ;
/*!50003 SET collation_connection  = @saved_col_connection */ ;
/*!50003 DROP PROCEDURE IF EXISTS `usp_GetVehicleOwner` */;
/*!50003 SET @saved_cs_client      = @@character_set_client */ ;
/*!50003 SET @saved_cs_results     = @@character_set_results */ ;
/*!50003 SET @saved_col_connection = @@collation_connection */ ;
/*!50003 SET character_set_client  = utf8mb4 */ ;
/*!50003 SET character_set_results = utf8mb4 */ ;
/*!50003 SET collation_connection  = utf8mb4_0900_ai_ci */ ;
/*!50003 SET @saved_sql_mode       = @@sql_mode */ ;
/*!50003 SET sql_mode              = 'ONLY_FULL_GROUP_BY,STRICT_TRANS_TABLES,NO_ZERO_IN_DATE,NO_ZERO_DATE,ERROR_FOR_DIVISION_BY_ZERO,NO_ENGINE_SUBSTITUTION' */ ;
DELIMITER ;;
CREATE DEFINER=`root`@`localhost` PROCEDURE `usp_GetVehicleOwner`(
	in p_VehicleNo varchar(45),
	in p_OwnerId varchar(45)
)
BEGIN
	SELECT 
		tbl_vehicleparking.ParkingId,
		tbl_vehicleparking.Name,
		tbl_vehicleparking.MobileNo,
		tbl_vehicleparking.VehicleNo,
		tbl_vehicleparking.CheckIn,
		tbl_vehicleparking.CheckOut,
		tbl_vehicleparking.TotalHours,
		tbl_vehicleparking.VehicleTypeId,
		tbl_vehicleparking.PerHourCharge,
		tbl_vehicleparking.TransactionId,
		tbl_vehicleparking.PaidThrow,
		tbl_vehicleparking.IsPaid,
		tbl_vehicleparking.CreatedDate,
		tbl_vehicleparking.ModifiedDate,
		tbl_vehicleparking.OwnerId,
		tbl_vehicleparking.IsDeleted,
		tbl_vehicleparking.TotalCharges,
		tbl_vehicleparking.BlockName,
		tbl_vehicleparking.SlotNo,
		tbl_vehicleparking.IsSubmittedKey,
		tbl_vehicleparking.VehicleTypeName,
		tbl_vehicleparking.Comments
	FROM 
		tbl_vehicleparking
	WHERE
		tbl_vehicleparking.VehicleNo = p_VehicleNo
		and tbl_vehicleparking.OwnerId = p_OwnerId
	order by tbl_vehicleparking.ModifiedDate desc
	limit 1;
END ;;
DELIMITER ;
/*!50003 SET sql_mode              = @saved_sql_mode */ ;
/*!50003 SET character_set_client  = @saved_cs_client */ ;
/*!50003 SET character_set_results = @saved_cs_results */ ;
/*!50003 SET collation_connection  = @saved_col_connection */ ;
/*!50003 DROP PROCEDURE IF EXISTS `usp_GetVehicleStatus` */;
/*!50003 SET @saved_cs_client      = @@character_set_client */ ;
/*!50003 SET @saved_cs_results     = @@character_set_results */ ;
/*!50003 SET @saved_col_connection = @@collation_connection */ ;
/*!50003 SET character_set_client  = utf8mb4 */ ;
/*!50003 SET character_set_results = utf8mb4 */ ;
/*!50003 SET collation_connection  = utf8mb4_0900_ai_ci */ ;
/*!50003 SET @saved_sql_mode       = @@sql_mode */ ;
/*!50003 SET sql_mode              = 'ONLY_FULL_GROUP_BY,STRICT_TRANS_TABLES,NO_ZERO_IN_DATE,NO_ZERO_DATE,ERROR_FOR_DIVISION_BY_ZERO,NO_ENGINE_SUBSTITUTION' */ ;
DELIMITER ;;
CREATE DEFINER=`root`@`localhost` PROCEDURE `usp_GetVehicleStatus`(
	in p_VehicleNo varchar(45),
    in p_OwnerId varchar(45)
)
BEGIN
	if exists (select ParkingId from  tbl_vehicleparking where IsPaid = 0 and IsDeleted = 0 and VehicleNo = p_VehicleNo and OwnerId = p_OwnerId limit 1)
    then
		select
			1 as 'ParkingStatus',
            p_VehicleNo as 'VehicleNo',
            concat('(',p_VehicleNo,')', ' Already vehicle were parked') as 'Message',
            '' as 'MobileNo',
            '' as 'Name',
            0 as 'VehicleTypeId';
	else
		if exists (select ParkingId from  tbl_vehicleparking where IsPaid = 1 and IsDeleted = 0 and VehicleNo = p_VehicleNo and OwnerId = p_OwnerId limit 1)
        then
			select
				0 as 'ParkingStatus',
				VehicleNo as 'VehicleNo',
				concat('Vehicle can park (',VehicleNo,')') as 'Message',
				MobileNo as 'MobileNo',
				Name as 'Name',
                VehicleTypeId as 'VehicleTypeId'
			from  
				tbl_vehicleparking
			where
				IsDeleted = 0
                and IsPaid = 1
				and VehicleNo = p_VehicleNo
                and OwnerId = p_OwnerId
			order by ModifiedDate desc limit 1;
		else
			select
				0 as 'ParkingStatus',
				p_VehicleNo as 'VehicleNo',
				concat('Vehicle can park (',p_VehicleNo,')') as 'Message',
				'' as 'MobileNo',
				'' as 'Name',
                0 as 'VehicleTypeId';
        end if;
	end if;
END ;;
DELIMITER ;
/*!50003 SET sql_mode              = @saved_sql_mode */ ;
/*!50003 SET character_set_client  = @saved_cs_client */ ;
/*!50003 SET character_set_results = @saved_cs_results */ ;
/*!50003 SET collation_connection  = @saved_col_connection */ ;
/*!50003 DROP PROCEDURE IF EXISTS `usp_GetVehicleTypes` */;
/*!50003 SET @saved_cs_client      = @@character_set_client */ ;
/*!50003 SET @saved_cs_results     = @@character_set_results */ ;
/*!50003 SET @saved_col_connection = @@collation_connection */ ;
/*!50003 SET character_set_client  = utf8mb4 */ ;
/*!50003 SET character_set_results = utf8mb4 */ ;
/*!50003 SET collation_connection  = utf8mb4_0900_ai_ci */ ;
/*!50003 SET @saved_sql_mode       = @@sql_mode */ ;
/*!50003 SET sql_mode              = 'ONLY_FULL_GROUP_BY,STRICT_TRANS_TABLES,NO_ZERO_IN_DATE,NO_ZERO_DATE,ERROR_FOR_DIVISION_BY_ZERO,NO_ENGINE_SUBSTITUTION' */ ;
DELIMITER ;;
CREATE DEFINER=`root`@`localhost` PROCEDURE `usp_GetVehicleTypes`(
	in p_OwnerId varchar(45)
)
BEGIN
	SELECT 
		tbl_vehicletypes.VehicleId,
		tbl_vehicletypes.Name,
		tbl_vehicletypes.PerHourCharge,
		tbl_vehicletypes.BlockName,
		tbl_vehicletypes.TotalSlots,
		tbl_vehicletypes.IsEnabled,
		tbl_vehicletypes.CreatedDate,
		tbl_vehicletypes.ModifiedDate,
		tbl_vehicletypes.IsDeleted,
		tbl_vehicletypes.OwnerId
	FROM
		tbl_vehicletypes
	WHERE
		tbl_vehicletypes.IsEnabled = 1
        and tbl_vehicletypes.IsDeleted = 0
        and tbl_vehicletypes.OwnerId = p_OwnerId;
END ;;
DELIMITER ;
/*!50003 SET sql_mode              = @saved_sql_mode */ ;
/*!50003 SET character_set_client  = @saved_cs_client */ ;
/*!50003 SET character_set_results = @saved_cs_results */ ;
/*!50003 SET collation_connection  = @saved_col_connection */ ;
/*!50003 DROP PROCEDURE IF EXISTS `usp_SaveParkingVehicle` */;
/*!50003 SET @saved_cs_client      = @@character_set_client */ ;
/*!50003 SET @saved_cs_results     = @@character_set_results */ ;
/*!50003 SET @saved_col_connection = @@collation_connection */ ;
/*!50003 SET character_set_client  = utf8mb4 */ ;
/*!50003 SET character_set_results = utf8mb4 */ ;
/*!50003 SET collation_connection  = utf8mb4_0900_ai_ci */ ;
/*!50003 SET @saved_sql_mode       = @@sql_mode */ ;
/*!50003 SET sql_mode              = 'ONLY_FULL_GROUP_BY,STRICT_TRANS_TABLES,NO_ZERO_IN_DATE,NO_ZERO_DATE,ERROR_FOR_DIVISION_BY_ZERO,NO_ENGINE_SUBSTITUTION' */ ;
DELIMITER ;;
CREATE DEFINER=`root`@`localhost` PROCEDURE `usp_SaveParkingVehicle`(
    in p_Name varchar(100),
    in p_MobileNo varchar(15),
    in p_VehicleNo varchar(45),
    in p_VehicleTypeId int,
    in p_VehicleTypeName varchar(150),
    in p_IsSubmittedKey bit(1),
    in p_PerHourCharge decimal(10,2),
    in p_OwnerId varchar(45),
    in p_BlockName varchar(45),
    in p_SlotNo int
)
BEGIN
	declare result int;
	declare messge varchar(200);
	INSERT INTO tbl_vehicleparking
	(
		Name,
		MobileNo,
		VehicleNo,
		CheckIn,
		VehicleTypeId,
        VehicleTypeName,
		PerHourCharge,
        IsSubmittedKey,
		CreatedDate,
		ModifiedDate,
		OwnerId,
		BlockName,
		SlotNo
    )
	VALUES
    (
		p_Name,
        p_MobileNo,
        p_VehicleNo,
        now(),
        p_VehicleTypeId,
        p_VehicleTypeName,
        p_PerHourCharge,
        p_IsSubmittedKey,
        now(),
        now(),
        p_OwnerId,
        p_BlockName,
        p_SlotNo
    );
    
    set result = last_insert_id();
	set messge = 'Vehicles details are registered successfully';
    select
		result as 'Result',
        messge as 'Message';
END ;;
DELIMITER ;
/*!50003 SET sql_mode              = @saved_sql_mode */ ;
/*!50003 SET character_set_client  = @saved_cs_client */ ;
/*!50003 SET character_set_results = @saved_cs_results */ ;
/*!50003 SET collation_connection  = @saved_col_connection */ ;
/*!50003 DROP PROCEDURE IF EXISTS `usp_SaveVehicleTypes` */;
/*!50003 SET @saved_cs_client      = @@character_set_client */ ;
/*!50003 SET @saved_cs_results     = @@character_set_results */ ;
/*!50003 SET @saved_col_connection = @@collation_connection */ ;
/*!50003 SET character_set_client  = utf8mb4 */ ;
/*!50003 SET character_set_results = utf8mb4 */ ;
/*!50003 SET collation_connection  = utf8mb4_0900_ai_ci */ ;
/*!50003 SET @saved_sql_mode       = @@sql_mode */ ;
/*!50003 SET sql_mode              = 'ONLY_FULL_GROUP_BY,STRICT_TRANS_TABLES,NO_ZERO_IN_DATE,NO_ZERO_DATE,ERROR_FOR_DIVISION_BY_ZERO,NO_ENGINE_SUBSTITUTION' */ ;
DELIMITER ;;
CREATE DEFINER=`root`@`localhost` PROCEDURE `usp_SaveVehicleTypes`(
	in p_VehicleId int,
    in p_Name varchar(150),
    in p_PerHourCharge decimal(10,2),
    in p_IsDeleted bit(1),
    in p_IsEnabled bit(1),
    in p_BlockName Varchar(45),
    in p_OwnerId Varchar(45),
    in p_TotalSlots int
)
BEGIN
	declare result int;
    declare slotInitialize int default 1;
	declare messge varchar(200);
	if not exists(select VehicleId from tbl_vehicletypes where IsDeleted = 0 and VehicleId = p_VehicleId limit 1)
    then
		INSERT INTO tbl_vehicletypes
		(
			Name,
			CreatedDate,
			ModifiedDate,
			IsDeleted,
			PerHourCharge,
            IsEnabled,
            BlockName,
            OwnerId,
            TotalSlots
        )
		VALUES
		(
			p_Name,
            now(),
            now(),
			0,
            p_PerHourCharge,
            p_IsEnabled,
            p_BlockName,
            p_OwnerId,
            p_TotalSlots
        );
        set result = last_insert_id();
        set messge = 'Vehicle details are added successfully';
	else
		UPDATE tbl_vehicletypes
		SET
			Name = p_Name,
			ModifiedDate = now(),
			IsDeleted = p_IsDeleted,
			PerHourCharge = p_PerHourCharge,
			IsEnabled = p_IsEnabled,
            OwnerId = p_OwnerId,
            BlockName = p_BlockName,
            TotalSlots = p_TotalSlots
		WHERE 
			VehicleId = p_VehicleId
            and IsDeleted = 0
            and OwnerId = p_OwnerId;
		
        set result = p_VehicleId;
        if p_IsDeleted = 0 then
			set messge = 'Vehicle details are updated successfully';
		else
			set messge = 'Vehicle details are deleted successfully';
		end if;
    end if;
    
    delete from tbl_vehicleblocks where OwnerId = p_OwnerId and VehicleId = result;
    if p_TotalSlots > 0 and p_IsDeleted = 0 then
		WHILE slotInitialize <= p_TotalSlots DO
			INSERT INTO tbl_vehicleblocks
			(
				Name,
				SlotNumber,
				OwnerId,
				CreatedDate,
				ModifiedDate,
				IsDeleted,
				VehicleId
			)
			VALUES
			(
				p_BlockName,
				slotInitialize,
				p_OwnerId,
				now(),
				now(),
				0,
				result
			);
			SET slotInitialize = slotInitialize + 1;
		END WHILE;
    end if;
    
    select
		result as 'Result',
        messge as 'Message';
END ;;
DELIMITER ;
/*!50003 SET sql_mode              = @saved_sql_mode */ ;
/*!50003 SET character_set_client  = @saved_cs_client */ ;
/*!50003 SET character_set_results = @saved_cs_results */ ;
/*!50003 SET collation_connection  = @saved_col_connection */ ;
/*!50003 DROP PROCEDURE IF EXISTS `usp_UpdatePaymentVehicleParking` */;
/*!50003 SET @saved_cs_client      = @@character_set_client */ ;
/*!50003 SET @saved_cs_results     = @@character_set_results */ ;
/*!50003 SET @saved_col_connection = @@collation_connection */ ;
/*!50003 SET character_set_client  = utf8mb4 */ ;
/*!50003 SET character_set_results = utf8mb4 */ ;
/*!50003 SET collation_connection  = utf8mb4_0900_ai_ci */ ;
/*!50003 SET @saved_sql_mode       = @@sql_mode */ ;
/*!50003 SET sql_mode              = 'ONLY_FULL_GROUP_BY,STRICT_TRANS_TABLES,NO_ZERO_IN_DATE,NO_ZERO_DATE,ERROR_FOR_DIVISION_BY_ZERO,NO_ENGINE_SUBSTITUTION' */ ;
DELIMITER ;;
CREATE DEFINER=`root`@`localhost` PROCEDURE `usp_UpdatePaymentVehicleParking`(
	in p_ParkingId int,
    in p_Comments text,
    in p_PaidThrow varchar(100),
    in p_TotalHours time,
    in p_TotalCharge decimal(10,2),
    in p_OwnerId varchar(45),
    in p_TransactionId varchar(150)
)
BEGIN
	update tbl_vehicleparking
    set
		Comments = p_Comments,
        PaidThrow = p_PaidThrow,
        TotalHours = p_TotalHours,
        TotalCharges = p_TotalCharge,
        TransactionId = p_TransactionId,
        ModifiedDate = now(),
        CheckOut = now(),
        IsPaid=1
	where
		ParkingId = p_ParkingId
        and IsDeleted = 0
        and OwnerId = p_OwnerId;
        
	select
		p_ParkingId as 'Result',
        'Payment Succeed' as 'Message';
END ;;
DELIMITER ;
/*!50003 SET sql_mode              = @saved_sql_mode */ ;
/*!50003 SET character_set_client  = @saved_cs_client */ ;
/*!50003 SET character_set_results = @saved_cs_results */ ;
/*!50003 SET collation_connection  = @saved_col_connection */ ;
/*!40103 SET TIME_ZONE=@OLD_TIME_ZONE */;

/*!40101 SET SQL_MODE=@OLD_SQL_MODE */;
/*!40014 SET FOREIGN_KEY_CHECKS=@OLD_FOREIGN_KEY_CHECKS */;
/*!40014 SET UNIQUE_CHECKS=@OLD_UNIQUE_CHECKS */;
/*!40101 SET CHARACTER_SET_CLIENT=@OLD_CHARACTER_SET_CLIENT */;
/*!40101 SET CHARACTER_SET_RESULTS=@OLD_CHARACTER_SET_RESULTS */;
/*!40101 SET COLLATION_CONNECTION=@OLD_COLLATION_CONNECTION */;
/*!40111 SET SQL_NOTES=@OLD_SQL_NOTES */;

-- Dump completed on 2025-10-15 20:19:59
